title,length,expect,identities,positives,gaps,align_len,query,match,subject,gi,novel
"gi|85457938|gb|DW665225.1| CNB330-B02.y1d-s SHGC-CNB2 Gasterosteus aculeatus cDNA clone CNB330-B02 5', mRNA sequence.",1092,0,244,300,25,378,AASRVLLVIDEPHTDWAKYFKGKKIHGEIDIKVEQAEFSDLNLVAHANGGFSVDMEVLRNGVKVVRSLKPDFVLIRQHAFSMARNGDYRSLVIGLQYAGIPSVNSLHSVYNFCDKPWVFAQMVRLHKKLGTEEFPLIDQTFYPNHKEMLSSTTYPVVVKMGHAHSGMGKVKVDNQHDFQDIASVVALTKTYATAEPFIDAKYDVRVQKIGQNYKAYMRTSVSGNWKTNTGSAMLEQIAMSDRYKLWVDTCSEIFGGLDICAVEALHGKDGRDHIIEVVGSSMPLIGDHQDEDKQLIVELVVNKMAQALPRQRQRDASPGRGSHGQTPSPGALPLGRQTSQQPAGPPAQ---QRPPPQGGPPQPGPGPQRQGPPLQQRP,+++++LLVID+  TDW K F+G+K+H E DIKVEQAEFS+++LV ++ G ++VD++ +RNG KV +SLKPDFVLIRQHAFSM +NGD+R++VIGLQYAG+PSVNSLHSVYNFCDKPWVFAQM R+ K+LG +EFPLI+Q +YPNHKEM++S  +PVVVKMGHAHSGMGKVKVDNQ+DFQDIASVVALTKTYAT+EPFIDAKYDVR+QKIG +YKAYMRTS+SGNWKTNTGS+MLEQ+AMSD+Y++WVD+C++IFGGLDICAVEALHGKDG+D+IIEV   SMPLIGD QDED+  I ELV++KM  A+PR               + S    P  +  S QP          RP PQGG  +          P+ QRP,SSAKILLVIDDLQTDWVKVFRGRKVHSEFDIKVEQAEFSEISLVVNSTGSYNVDIDAIRNGHKVTKSLKPDFVLIRQHAFSMDKNGDHRNIVIGLQYAGLPSVNSLHSVYNFCDKPWVFAQMSRISKQLGPQEFPLIEQVYYPNHKEMITSPRFPVVVKMGHAHSGMGKVKVDNQYDFQDIASVVALTKTYATSEPFIDAKYDVRIQKIGNHYKAYMRTSISGNWKTNTGSSMLEQVAMSDKYRMWVDSCADIFGGLDICAVEALHGKDGKDYIIEVDDCSMPLIGDQQDEDRVQIAELVISKMNXAVPRTL-------------SSSTAGQPAQKAVSPQPVSQTKYTSFTRPSPQGGLNK---------VPISQRP,85457938***,TRUE
"gi|82964173|gb|DV909383.1| LB02814.CR_C18 GC_BGC-28 Bos taurus cDNA clone IMAGE:8224844 5', mRNA sequence.",929,2.15E-174,231,265,6,305,FFSSLSNAVKQTTAAAAATFSEQVGGGSGGAGRGGAASRVLLVIDEPHTDWAKYFKGKKIHGEIDIKVEQAEFSDLNLVAHANGGFSVDMEVLRNGVKVVRSLKPDFVLIRQHAFSMARNGDYRSLVIGLQYAGIPSVNSLHSVYNFCDKPWVFAQMVRLHKKLGTEEFPLIDQTFYPNHKEMLSSTTYPVVVKMGHAHSGMGKVKVDNQHDFQDIASVVALTKTYATAEPFIDAKYDVRVQKIGQNYKAYMRTSVSGNWKTNTGSAMLEQIAMSDRYKLWVDTCSEIFGGLDICAVEALHGKDG,FFSSLS AVKQT A+A              A      ++VLLV+DEPHTDWAK F+GKKI G+ DIKVEQAEFS+LNLVAHA+G ++VDM+VLRNG KVVRS +PDFVLIRQHAF MA N D+R L+IG+QYAG+PS+NSL S+YNFCDKPWVFAQ+V ++K LG E+FPLI+QT+YPNHKEML+  T+PVVVK+GHAHSGMGKVKV+N +DFQDIASVVALT+TYATAEPFIDAKYD+RVQKIG NYKAYMRTS+SGNWKTNTGSAMLEQIAMSDRYKLWVDTCSEIFGGLDICAV+A+HGKDG,FFSSLSQAVKQTAASAGLV------DAPAPAPAAARKAKVLLVVDEPHTDWAKCFRGKKILGDYDIKVEQAEFSELNLVAHADGTYAVDMQVLRNGTKVVRSFRPDFVLIRQHAFGMAENEDFRHLIIGMQYAGLPSINSLESIYNFCDKPWVFAQLVAIYKTLGGEKFPLIEQTYYPNHKEMLTLPTFPVVVKIGHAHSGMGKVKVENHYDFQDIASVVALTQTYATAEPFIDAKYDIRVQKIGTNYKAYMRTSISGNWKTNTGSAMLEQIAMSDRYKLWVDTCSEIFGGLDICAVKAVHGKDG,82964173,FALSE
"gi|58487980|gb|CX836908.1| JGI_CAAK7531.fwd NIH_XGC_tropBrn3 Xenopus tropicalis cDNA clone IMAGE:7658102 5', mRNA sequence.",806,9.27E-07,25,30,0,34,SRVLLVIDEPHTDWAKYFKGKKIHGEIDIKVEQA,S++LLVIDEPHTDW K FKG++I+GE DIKVEQ ,SKLLLVIDEPHTDWGKLFKGRRINGEYDIKVEQV,58487980,FALSE
"gi|144929429|dbj|DC290638.1| DC290638 adult male hearing and singing cDNA library Lonchura striata domestica cDNA clone ST14G07 5', mRNA sequence.",888,5.31E-152,200,241,3,282,DMEVLRNGVKVVRSLKPDFVLIRQHAFSMARNGDYRSLVIGLQYAGIPSVNSLHSVYNFCDKPWVFAQMVRLHKKLGTEEFPLIDQTFYPNHKEMLSSTTYPVVVKMGHAHSGMGKVKVDNQHDFQDIASVVALTKTYATAEPFIDAKYDVRVQKIGQNYKAYMRTSVSGNWKTNTGSAMLEQIAMSDRYKLWVDTCSEIFGGLDICAVEALHGKDGRDHIIEVVGSSMPLIGDHQDEDKQLIVELVVNKMAQALPRQRQRDASPGRGSHGQTPSPGALPLG,D++V+RNG KVVRS +PDFVL+RQH+ SMA N D+R+L+IG+QYAGIPSVNSL S+YNFCDKPWVFAQ+V ++K LG E+FPLI+QTFYPNHKEML+  T+PVVVK+GHAHSGMGK+KVDN +DFQDIASVVALT+TYAT EPFID+KYD+R+QKIG NYKAYMRTS+SGNWKTNTGSAMLEQIAMSD+YKLWVDTCSEIFGGLDICAV+A+HGKDG+D+I EV+  +MPLIG+HQ ED+Q I ELVV+K  Q +    Q   S    +H  + +   +P G,DIQVIRNGTKVVRSFRPDFVLVRQHSCSMAENEDFRNLIIGMQYAGIPSVNSLESIYNFCDKPWVFAQLVSVYKTLGPEKFPLIEQTFYPNHKEMLTMPTFPVVVKIGHAHSGMGKIKVDNHYDFQDIASVVALTQTYATTEPFIDSKYDIRIQKIGSNYKAYMRTSISGNWKTNTGSAMLEQIAMSDKYKLWVDTCSEIFGGLDICAVKAVHGKDGKDYIFEVMDCAMPLIGEHQAEDRQHITELVVSKRNQMVV---QNSYSISSXTHCHSAASXWIPKG,144929429,FALSE
"gi|335380901|dbj|FY490146.1| FY490146 full-length enriched tammar gravid uterus cDNA library Notamacropus eugenii cDNA clone MEGC-028F04 3', mRNA sequence.",930,5.20E-151,213,244,8,293,KVVRSLKPDFVLIRQHAFSMARNGDYRSLVIGLQYAGIPSVNSLHSVYNFCDKPWVFAQMVRLHKKLGTEEFPLIDQTFYPNHKEMLSSTTYPVVVKMGHAHSGMGKVKVDNQHDFQDIASVVALTKTYATAEPFIDAKYDVRVQKIGQNYKAYMRTSVSGNWKTNTGSAMLEQIAMSDRYKLWVDTCSEIFGGLDICAVEALHGKDGRDHIIEVVGSSMPLIGDHQDEDKQLIVELVVNKMAQALPRQRQRDASPGRGSHGQTPSPGALPLGRQTSQQPAGPPAQQRPPPQG,KVVRS +PDFVLIRQHAF MA N DYR+L+IG+ YA IPSVNSL S+YNFCDKPWVFAQ+V ++K LG E+FPLI+QTFY NHKEML+  T+PVVVK+GHAHSGMGKVKV+N +DFQDIASVVALT+TYATAEPFIDAKYD+R+QKIG NYKAYMRTS+SGNWKTNTGSAMLEQIAMSDRYKLWVD+CSEIFGGLDICAV+A+HGKDG+D+I EV+  +MPLIG+HQ ED+QLI ELV+NKM Q L R      SP R S  Q P  G+L      S+ P  PP   RP PQG,KVVRSFRPDFVLIRQHAFGMAENEDYRNLIIGMHYASIPSVNSLDSIYNFCDKPWVFAQLVAIYKNLGGEKFPLIEQTFYANHKEMLTLPTFPVVVKIGHAHSGMGKVKVENHYDFQDIASVVALTQTYATAEPFIDAKYDIRIQKIGSNYKAYMRTSISGNWKTNTGSAMLEQIAMSDRYKLWVDSCSEIFGGLDICAVKAVHGKDGKDYIFEVMDCAMPLIGEHQAEDRQLITELVINKMNQQLSRTPA--LSPQRPSTTQQPQSGSLK-DPDLSKTP--PP---RPTPQG,335380901***,TRUE
"gi|85465336|gb|DW668844.1| CNB350-G10.y1d-s SHGC-CNB2 Gasterosteus aculeatus cDNA clone CNB350-G10 5', mRNA sequence.",1099,7.20E-151,215,266,12,366,PNGYMTDLQRPQPPPPPPGAHSPGATPGPGTATAERSSGVAPAASPAAPSPGSSGGGGFFSSLSNAVKQTTAAAAATFSEQVGGGSGGAGRGGAASRVLLVIDEPHTDWAKYFKGKKIHGEIDIKVEQAEFSDLNLVAHANGGFSVDMEVLRNGVKVVRSLKPDFVLIRQHAFSMARNGDYRSLVIGLQYAGIPSVNSLHSVYNFCDKPWVFAQMVRLHKKLGTEEFPLIDQTFYPNHKEMLSSTTYPVVVKMGHAHSGMGKVKVDNQHDFQDIASVVALTKTYATAEPFIDAKYDVRVQKIGQNYKAYMRTSVSGNWKTNTGSAMLEQIAMSDRYKLWVDTCSEIFGGLDICAVEALHGKDGRDH,PNGYMTDLQRP    PP  A    A       T   +S       P + S G+    GFFSS++N VKQT A+A      QV              ++LLVIDEP  +W K F+GKKIHG+ DIKVEQAEF+++N+VAHANG  +V+M+VLRNG KV+RS KPDFVLIRQHAFSM +N D+R+L+IGLQY  +P +NSL S+YN CDKPW FAQ++  H+KLG E+FPLI+QTFYPN+KEM++  ++PVVVK+GHAHSG+GKVKV+N   FQDIASVVALT+TY T EP IDA YD+R+QKIG +Y AYMRTS+  +WK  TGSAMLEQ+AM+DRY LWVDTCSEIFGGL+I   +A+ G   + H,PNGYMTDLQRPDGAQPPAPASPTAARSPTTGPTPPATSPAPDRKPPQSQSTGA----GFFSSITNVVKQTAASAGLVEQTQVTTAK--------RFKILLVIDEPQQEWVKLFRGKKIHGDHDIKVEQAEFNEINVVAHANGTCNVNMQVLRNGTKVIRSFKPDFVLIRQHAFSMTQNEDFRNLIIGLQYGAVPCINSLESIYNLCDKPWAFAQLINTHRKLGAEKFPLIEQTFYPNYKEMVTMPSFPVVVKIGHAHSGIGKVKVENHSKFQDIASVVALTQTYTTTEPLIDAXYDIRIQKIGTDYXAYMRTSIXRHWKNXTGSAMLEQVAMTDRYXLWVDTCSEIFGGLNILRXKAIMGXMVKIH,85465336,FALSE
"gi|73494128|gb|DT223994.1| JGI_CAAT929.fwd CAAT Pimephales promelas brain 7-8 month adults, males and females pooled (M) Pimephales promelas cDNA clone CAAT929 5', mRNA sequence.",778,5.19E-147,186,229,0,257,NGGFSVDMEVLRNGVKVVRSLKPDFVLIRQHAFSMARNGDYRSLVIGLQYAGIPSVNSLHSVYNFCDKPWVFAQMVRLHKKLGTEEFPLIDQTFYPNHKEMLSSTTYPVVVKMGHAHSGMGKVKVDNQHDFQDIASVVALTKTYATAEPFIDAKYDVRVQKIGQNYKAYMRTSVSGNWKTNTGSAMLEQIAMSDRYKLWVDTCSEIFGGLDICAVEALHGKDGRDHIIEVVGSSMPLIGDHQDEDKQLIVELVVNKM,NG  SVDM+V+RNG +VVRS KPDFVL+RQHA+SMA+N D+R+++IGLQYAGIPSVNSL S+YN CDKPW FAQ++  + KLG ++FPL+DQTFY N+++M+S  T+PVVVK+GHAHSGMGKVKVDN  DFQDIASVVA+T+TY T EPFI AKYD+RVQKIG +YKAYMRTS+SGNWK+NTGSAMLEQ+AM+D+YKLWVD C+++FGGLDICAV+A+HGKDG+D+I EVVGSSM LIG+HQ ED+QLI  +V+ KM,NGTCSVDMQVIRNGTRVVRSFKPDFVLVRQHAYSMAQNEDFRNIIIGLQYAGIPSVNSLESIYNLCDKPWAFAQLISTYNKLGADKFPLVDQTFYSNYRDMISMPTFPVVVKIGHAHSGMGKVKVDNHSDFQDIASVVAITQTYTTTEPFIHAKYDIRVQKIGSDYKAYMRTSISGNWKSNTGSAMLEQVAMTDKYKLWVDACADVFGGLDICAVKAIHGKDGKDYITEVVGSSMQLIGEHQAEDRQLIAAIVLAKM,73494128***,TRUE
"gi|475032801|dbj|HX645243.1| HX645243 full-length enriched common marmoset testis cDNA library Callithrix jacchus cDNA clone MTE-150A02, mRNA sequence.",820,6.99E-147,202,236,13,281,GGGFFSSLSNAVKQTTAAAAATFSEQVGGGSGGA---GRGGAASRVLLVIDEPHTDWAKYFKGKKIHGEIDIKVEQAEFSDLNLVAHANGGFSVDMEVLRNGVKVVRSLKPDFVLIRQHAFSMARNGDYRSLVIGLQYAGIPSVNSLHSVYNFCDKPWVFAQMVRLHKKLGTEEFPLIDQTFYPNHKEMLSSTTYPVVVKMGHAHSGMGKVKVDNQHDFQDIASVVALTKTYATAEPFIDAKYDVRVQKIGQNYKAYMRTSVSGNWKTNTGSAMLEQIAMS,G  FFSSLS AVKQT A+A          G   A         ++VLLV+DEPH DWAK F+GKK+ G+ DIKVEQAEFS+LNLVAHA+G ++VDM+VLRNG KVVRS +PDFVLIRQHAF MA N D+R L+IG+QYAG+PS+NSL S+YNFCDKPWVFAQ+V ++K LG E+FPLI+QT+YPNHKEML+  T+PVVVK+GHAHSGMGKVKV+N +DFQDIASVVALT+TYATAEPFID+KYD+RVQKIG NYKAYMRTS+SGNWKTNTGSAMLEQIAMS,GSSFFSSLSQAVKQTAASA----------GLVDAPVPAPAARKAKVLLVVDEPHADWAKCFRGKKVLGDYDIKVEQAEFSELNLVAHADGTYAVDMQVLRNGTKVVRSFRPDFVLIRQHAFGMAENEDFRHLIIGMQYAGLPSINSLESIYNFCDKPWVFAQLVAIYKTLGGEKFPLIEQTYYPNHKEMLTLPTFPVVVKIGHAHSGMGKVKVENHYDFQDIASVVALTQTYATAEPFIDSKYDIRVQKIGNNYKAYMRTSISGNWKTNTGSAMLEQIAMS,475032801,FALSE
"gi|335494908|dbj|FY473478.1| FY473478 full-length enriched tammar gravid uterus cDNA library Notamacropus eugenii cDNA clone MEGC-005N23 3', mRNA sequence.",922,1.44E-145,207,239,8,290,RSLKPDFVLIRQHAFSMARNGDYRSLVIGLQYAGIPSVNSLHSVYNFCDKPWVFAQMVRLHKKLGTEEFPLIDQTFYPNHKEMLSSTTYPVVVKMGHAHSGMGKVKVDNQHDFQDIASVVALTKTYATAEPFIDAKYDVRVQKIGQNYKAYMRTSVSGNWKTNTGSAMLEQIAMSDRYKLWVDTCSEIFGGLDICAVEALHGKDGRDHIIEVVGSSMPLIGDHQDEDKQLIVELVVNKMAQALPRQRQRDASPGRGSHGQTPSPGALPLGRQTSQQPAGPPAQQRPPPQG,RS +PDFVLIRQHAF MA N DYR+ +IG+ YA IPSVNSL S+YNFCDKPWVFAQ+V ++K LG E+FPLI+QTFY NHKEML+  T+PVVVK+GHAHSGMGKVKV+N  DFQDIASVVALT+TYATAEPFIDAKYD+R+QKIG NYKAYMRTS+SGNWKTNTGSAMLEQIAMSDR+KLWV++CSEIFGGLDICAV+A+HGKDG+D+I EV+  +MPLIG+HQ ED+QLI ELV+NKM Q L R      SP R S  Q P  G+L      S+ P  PP   RP PQG,RSFRPDFVLIRQHAFGMAENEDYRNXIIGMHYASIPSVNSLDSIYNFCDKPWVFAQLVAIYKNLGGEKFPLIEQTFYANHKEMLTLPTFPVVVKIGHAHSGMGKVKVENHCDFQDIASVVALTQTYATAEPFIDAKYDIRIQKIGSNYKAYMRTSISGNWKTNTGSAMLEQIAMSDRHKLWVESCSEIFGGLDICAVKAVHGKDGKDYIFEVMDCAMPLIGEHQAEDRQLITELVINKMNQQLSRTPA--LSPQRPSTTQQPQSGSLK-DPDLSKTP--PP---RPTPQG,335494908,FALSE
"gi|335679347|dbj|FY550090.1| FY550090 full-length enriched tammar gravid uterus cDNA library Notamacropus eugenii cDNA clone MEGC-109H07 3', mRNA sequence.",906,2.00E-144,205,236,8,285,DFVLIRQHAFSMARNGDYRSLVIGLQYAGIPSVNSLHSVYNFCDKPWVFAQMVRLHKKLGTEEFPLIDQTFYPNHKEMLSSTTYPVVVKMGHAHSGMGKVKVDNQHDFQDIASVVALTKTYATAEPFIDAKYDVRVQKIGQNYKAYMRTSVSGNWKTNTGSAMLEQIAMSDRYKLWVDTCSEIFGGLDICAVEALHGKDGRDHIIEVVGSSMPLIGDHQDEDKQLIVELVVNKMAQALPRQRQRDASPGRGSHGQTPSPGALPLGRQTSQQPAGPPAQQRPPPQG,DFVLIRQHA  MA N DYR+L++G+ YA IPSVNSL S+YNFCDKPWVFAQ+V ++K LG E+FPLI+QTFY NHKEML+  T+PVVVK+GHAHSGMGKVKV+N +DFQDIASVVALT+TYATAEPFIDAKYD+R+QKIG NYKAYMRTS+SGNWKTNTGSAMLEQIAMSDRYKLWVD+CSEIFGGLDICAV+A+HGKDG+D+I EV+  +MPLIG+HQ ED+QLI ELV+NKM Q L R      SP R S  Q P  G+L      S+ P  PP   RP PQG,DFVLIRQHASGMAENEDYRNLIMGMHYASIPSVNSLDSIYNFCDKPWVFAQLVAIYKNLGGEKFPLIEQTFYANHKEMLTLPTFPVVVKIGHAHSGMGKVKVENHYDFQDIASVVALTQTYATAEPFIDAKYDIRIQKIGSNYKAYMRTSISGNWKTNTGSAMLEQIAMSDRYKLWVDSCSEIFGGLDICAVKAVHGKDGKDYIFEVLDCAMPLIGEHQAEDRQLITELVINKMNQQLSRTPA--LSPQRPSTTQQPQSGSLK-DPDLSKTP--PP---RPTPQG,335679347,FALSE
"gi|335410708|dbj|FY548180.1| FY548180 full-length enriched tammar gravid uterus cDNA library Notamacropus eugenii cDNA clone MEGC-106O09 3', mRNA sequence.",909,2.96E-144,205,235,8,283,VLIRQHAFSMARNGDYRSLVIGLQYAGIPSVNSLHSVYNFCDKPWVFAQMVRLHKKLGTEEFPLIDQTFYPNHKEMLSSTTYPVVVKMGHAHSGMGKVKVDNQHDFQDIASVVALTKTYATAEPFIDAKYDVRVQKIGQNYKAYMRTSVSGNWKTNTGSAMLEQIAMSDRYKLWVDTCSEIFGGLDICAVEALHGKDGRDHIIEVVGSSMPLIGDHQDEDKQLIVELVVNKMAQALPRQRQRDASPGRGSHGQTPSPGALPLGRQTSQQPAGPPAQQRPPPQG,VLIRQHAF MA N DYR+L+IG+ YA IPSVNSL S+YNFCDKPWVFAQ+V ++K LG E+FPLI+QTFY NHKEML+  T+PVVVK+GHAHSGMGKVKV+N +DFQDIASVVALT+TYATAEPFIDAKYD+R+QKIG NYKAYMRTS+SGNWKTNTGSAMLEQIAMSDRYKLWVD+CSEIFGGLDICAV+A+HGKDG+D+I EV+  +MPLIG+HQ ED+QLI ELV+NKM Q L R      SP R S  Q P  G+L      S+ P  PP   RP PQG,VLIRQHAFGMAENEDYRNLIIGMHYASIPSVNSLDSIYNFCDKPWVFAQLVAIYKNLGGEKFPLIEQTFYANHKEMLTLPTFPVVVKIGHAHSGMGKVKVENHYDFQDIASVVALTQTYATAEPFIDAKYDIRIQKIGSNYKAYMRTSISGNWKTNTGSAMLEQIAMSDRYKLWVDSCSEIFGGLDICAVKAVHGKDGKDYIFEVMDCAMPLIGEHQAEDRQLITELVINKMNQQLSRTPA--LSPQRPSTTQQPQSGSLK-DPDLSKTP--PP---RPTPQG,335410708,FALSE
"gi|335400891|dbj|FY535696.1| FY535696 full-length enriched tammar gravid uterus cDNA library Notamacropus eugenii cDNA clone MEGC-089O05 3', mRNA sequence.",895,3.23E-141,201,231,8,279,QHAFSMARNGDYRSLVIGLQYAGIPSVNSLHSVYNFCDKPWVFAQMVRLHKKLGTEEFPLIDQTFYPNHKEMLSSTTYPVVVKMGHAHSGMGKVKVDNQHDFQDIASVVALTKTYATAEPFIDAKYDVRVQKIGQNYKAYMRTSVSGNWKTNTGSAMLEQIAMSDRYKLWVDTCSEIFGGLDICAVEALHGKDGRDHIIEVVGSSMPLIGDHQDEDKQLIVELVVNKMAQALPRQRQRDASPGRGSHGQTPSPGALPLGRQTSQQPAGPPAQQRPPPQG,QHAF MA N DYR+L+IG+ YA IPSVNSL S+YNFCDKPWVFAQ+V ++K LG E+FPLI+QTFY NHKEML+  T+PVVVK+GHAHSGMGKVKV+N +DFQDIASVVALT+TYATAEPFIDAKYD+R+QKIG NYKAYMRTS+SGNWKTNTGSAMLEQIAMSDRYKLWVD+CSEIFGGLDICAV+A+HGKDG+D+I EV+  +MPLIG+HQ ED+QLI ELV+NKM Q L R      SP R S  Q P  G+L      S+ P  PP   RP PQG,QHAFGMAENEDYRNLIIGMHYASIPSVNSLDSIYNFCDKPWVFAQLVAIYKNLGGEKFPLIEQTFYANHKEMLTLPTFPVVVKIGHAHSGMGKVKVENHYDFQDIASVVALTQTYATAEPFIDAKYDIRIQKIGSNYKAYMRTSISGNWKTNTGSAMLEQIAMSDRYKLWVDSCSEIFGGLDICAVKAVHGKDGKDYIFEVMDCAMPLIGEHQAEDRQLITELVINKMNQQLSRTPA--LSPQRPSTTQQPQSGSLK-DPDLSKTP--PP---RPTPQG,335400891,FALSE
"gi|335709018|dbj|FY530610.1| FY530610 full-length enriched tammar gravid uterus cDNA library Notamacropus eugenii cDNA clone MEGC-082P24 3', mRNA sequence.",887,5.88E-137,196,226,8,274,MARNGDYRSLVIGLQYAGIPSVNSLHSVYNFCDKPWVFAQMVRLHKKLGTEEFPLIDQTFYPNHKEMLSSTTYPVVVKMGHAHSGMGKVKVDNQHDFQDIASVVALTKTYATAEPFIDAKYDVRVQKIGQNYKAYMRTSVSGNWKTNTGSAMLEQIAMSDRYKLWVDTCSEIFGGLDICAVEALHGKDGRDHIIEVVGSSMPLIGDHQDEDKQLIVELVVNKMAQALPRQRQRDASPGRGSHGQTPSPGALPLGRQTSQQPAGPPAQQRPPPQG,MA N DYR+ +IG+ YA IPSVNSL S+YNFCDKPWVFAQ+V ++K LG E+FPLI+QTFY NHKEML+  T+PVVVK+GHAHSGMGKVKV+N +DFQDIASVVALT+TYATAEPFIDAKYD+R+QKIG NYKAYMRTS+SGNWKTNTGSAMLEQIAMSDRYKLWVD+CSEIFGGLDICAV+A+HGKDG+D+I EV+  +MPLIG+HQ ED+QLI ELV+NKM Q L R      SP R S  Q P  G+L      S+ P  PP   RP PQG,MAENEDYRNXIIGMHYASIPSVNSLDSIYNFCDKPWVFAQLVAIYKNLGGEKFPLIEQTFYANHKEMLTLPTFPVVVKIGHAHSGMGKVKVENHYDFQDIASVVALTQTYATAEPFIDAKYDIRIQKIGSNYKAYMRTSISGNWKTNTGSAMLEQIAMSDRYKLWVDSCSEIFGGLDICAVKAVHGKDGKDYIFEVMDCAMPLIGEHQAEDRQLITELVINKMNQQLSRTPA--LSPQRPSTTQQPQSGSLK-DPDLSKTP--PP---RPTPQG,335709018,FALSE
"gi|144930534|dbj|DC288365.1| DC288365 adult male silent cDNA library Lonchura striata domestica cDNA clone SL64B01 5', mRNA sequence.",860,1.63E-136,185,220,2,253,FSMARNGDYRSLVIGLQYAGIPSVNSLHSVYNFCDKPWVFAQMVRLHKKLGTEEFPLIDQTFYPNHKEMLSSTTYPVVVKMGHAHSGMGKVKVDNQHDFQDIASVVALTKTYATAEPFIDAKYDVRVQKIGQNYKAYMRTSVSGNWKTNTGSAMLEQIAMSDRYKLWVDTCSEIFGGLDICAVEALHGKDGRDHIIEVVGSSMPLIGDHQDEDKQLIVELVVNKMAQALPRQRQRDASPGRGSHGQTPSPGAL,+SMA N D+R+L+IG+QYAGIPSVNSL S+YNFCDKPWVFA++V ++K LG E+FPLI+QTFYPNHKEML+  T+PVVVK+GHAHSGMGK+KVDN +DFQDIASVVALT+TYAT EPFID+KYD+R+QKIG NYKAYMRTS+SGNWKTNTGSAMLEQIAMSD+YKLWVDTCSEIFGGLDICAV+A+HGKDG+D+I EV+  +MPLIG+HQ ED+Q I ELVV+KM Q L +      SP R +  Q P  G+L,YSMAENEDFRNLIIGMQYAGIPSVNSLESIYNFCDKPWVFARLVSVYKTLGPEKFPLIEQTFYPNHKEMLTMPTFPVVVKIGHAHSGMGKIKVDNHYDFQDIASVVALTQTYATTEPFIDSKYDIRIQKIGSNYKAYMRTSISGNWKTNTGSAMLEQIAMSDKYKLWVDTCSEIFGGLDICAVKAVHGKDGKDYIFEVMDCAMPLIGEHQAEDRQHITELVVSKMNQMLSKTPI--PSPQRPTXTQQPQSGSL,144930534,FALSE
"gi|25731315|gb|BU281861.1| 603865485F1 CSEQCHN54 Gallus gallus cDNA clone ChEST883j22 5', mRNA sequence.",742,9.86E-134,178,212,1,240,DEPHTDWAKYFKGKKIHGEIDIKVEQAEFSDLNLVAHANGGFSVDMEVLRNGVKVVRSLKPDFVLIRQHAFSMARNGDYRSLVIGLQYAGIPSVNSLHSVYNFCDKPWVFAQMVRLHKKLGTEEFPLIDQTFYPNHKEMLSSTTYPVVVKMGHAHSGMGKVKVDNQHDFQDIASVVALTKTYATAEPFIDAKYDVRVQKIGQNYKAYMRTSVSGNWKTNTGSA-MLEQIAMSDRYKLWVD,DEPHTDWAK F+GKK+HGE DIKVEQAEFS++NL+AHA+G ++VD++V RNG KVVRS +PDFVL+RQH+FSMA N D+R+L+IGLQYAGIPSVNSL S+YNFCDKPWVFAQ+V ++K LG E+FPLI+QTFYPNHKEML+  T+PVVVK+GHAHSGMGK+KVDN +DFQDIASVVALT+TYAT EPFID+KYD+R+QKIG NYKAYMRTS        T +  MLEQIAMSD+YKLWV+,DEPHTDWAKAFRGKKVHGEYDIKVEQAEFSEINLIAHADGNYAVDIQVFRNGTKVVRSFRPDFVLVRQHSFSMAENEDFRNLIIGLQYAGIPSVNSLESIYNFCDKPWVFAQLVSVYKTLGPEKFPLIEQTFYPNHKEMLTMPTFPVVVKIGHAHSGMGKIKVDNHYDFQDIASVVALTQTYATTEPFIDSKYDIRIQKIGSNYKAYMRTSHIWELGRQTQALPMLEQIAMSDKYKLWVE,25731315***,TRUE
"gi|25873720|gb|BU365719.1| 603787846F1 CSEQCHN72 Gallus gallus cDNA clone ChEST746l12 5', mRNA sequence.",763,1.89E-131,175,206,0,239,FVLIRQHAFSMARNGDYRSLVIGLQYAGIPSVNSLHSVYNFCDKPWVFAQMVRLHKKLGTEEFPLIDQTFYPNHKEMLSSTTYPVVVKMGHAHSGMGKVKVDNQHDFQDIASVVALTKTYATAEPFIDAKYDVRVQKIGQNYKAYMRTSVSGNWKTNTGSAMLEQIAMSDRYKLWVDTCSEIFGGLDICAVEALHGKDGRDHIIEVVGSSMPLIGDHQDEDKQLIVELVVNKMAQALPR,FVL+RQH+FSMA N D+R+L+IGLQYAGIPSVNSL S+YNFCDKPWVFAQ+V ++K LG E+FPLI+QTFYPNHKEML+  T+PVVVK GHAHSGMGK+KVDN +DFQDIASVVALT+TYAT EPFID+KYD+R+QKIG NYKAYMRTS+SGNWKTNTGSAMLEQIAMSD+YKLWVDTCSEIFGG     ++    +   D+I EV+  +MPLIG+HQ ED+Q I ELVV+KM Q L +,FVLVRQHSFSMAENEDFRNLIIGLQYAGIPSVNSLESIYNFCDKPWVFAQLVSVYKTLGPEKFPLIEQTFYPNHKEMLTMPTFPVVVKTGHAHSGMGKIKVDNHYDFQDIASVVALTQTYATTEPFIDSKYDIRIQKIGSNYKAYMRTSISGNWKTNTGSAMLEQIAMSDKYKLWVDTCSEIFGGWTSVLLKLCMERMDTDYIFEVMDCAMPLIGEHQIEDRQHITELVVSKMNQMLSK,25873720,FALSE
"gi|62090276|gb|DN714040.1| CNB100-C10.y1d-s SHGC-CNB Gasterosteus aculeatus cDNA clone CNB100-C10 5', mRNA sequence.",1219,3.28E-126,165,211,0,235,RVLLVIDEPHTDWAKYFKGKKIHGEIDIKVEQAEFSDLNLVAHANGGFSVDMEVLRNGVKVVRSLKPDFVLIRQHAFSMARNGDYRSLVIGLQYAGIPSVNSLHSVYNFCDKPWVFAQMVRLHKKLGTEEFPLIDQTFYPNHKEMLSSTTYPVVVKMGHAHSGMGKVKVDNQHDFQDIASVVALTKTYATAEPFIDAKYDVRVQKIGQNYKAYMRTSVSGNWKTNTGSAMLEQIA,++LLVIDEP  +WAK F+GKK+ G+ DIKVEQAEFS++NL++H+NG  +VDM+V+R+G+KV RS +PDFVL+RQHAFSMA+N D+R+L+IGLQYAG+PSVNSL S+YN CDKPW F+Q++   K+LG+++ PLIDQTFYPN+++M++S ++PVVVK+GHAHSGMGKVKV+N  DFQDIASVVA+T+TY T EPFIDAKYD+RVQKIG +YKAYMRTS+SGNWK+NTGSAMLEQ A,KILLVIDEPQHEWAKVFRGKKVLGDFDIKVEQAEFSEVNLISHSNGTCNVDMQVIRSGIKVTRSFRPDFVLVRQHAFSMAQNEDFRNLIIGLQYAGVPSVNSLDSIYNLCDKPWAFSQLINNQKRLGSDKIPLIDQTFYPNYRDMITSPSFPVVVKIGHAHSGMGKVKVENVSDFQDIASVVAITQTYCTTEPFIDAKYDIRVQKIGADYKAYMRTSISGNWKSNTGSAMLEQFA,62090276***,TRUE
"gi|76127805|gb|DV003996.1| CNB227-C12.y1d-s SHGC-CNB Gasterosteus aculeatus cDNA clone CNB227-C12 5', mRNA sequence.",799,1.16E-124,164,206,5,246,NGDYRSLVIGLQYAGIPSVNSLHSVYNFCDKPWVFAQMVRLHKKLGTEEFPLIDQTFYPNHKEMLSSTTYPVVVKMGHAHSGMGKVKVDNQHDFQDIASVVALTKTYATAEPFIDAKYDVRVQKIGQNYKAYMRTSVSGNWKTNTGSAMLEQIAMSDRYKLWVDTCSEIFGGLDICAVEALHGKDGRDHIIEVVGSSMPLIGDHQDEDKQLIVELVVNKMAQALPR-----QRQRDASPGRGSHGQ,N D+R+L+IGLQY  +P +NSL S+YN CDKPW FAQ++  H+KLG E+FPLI+QTFYPN+KEM++  ++PVVVK+GHAHSG+GKVKV+N   FQDIASVVALT+TY T EP ID+KYD+R+QKIG +YKAYMRTS+SGNWKTNTGSAMLEQ+AM+DRYKLWVDTCSEIFGGLDICAV+A+HGKDG+D I EVVGS+MPL+G+HQ ED+QLI ++V+ +M ++  +     QR     PG G  G+,NEDFRNLIIGLQYGAVPCINSLESIYNLCDKPWAFAQLINTHRKLGAEKFPLIEQTFYPNYKEMVTMPSFPVVVKIGHAHSGIGKVKVENHSKFQDIASVVALTQTYTTTEPLIDSKYDIRIQKIGTDYKAYMRTSISGNWKTNTGSAMLEQVAMTDRYKLWVDTCSEIFGGLDICAVKAIHGKDGKDFITEVVGSAMPLVGEHQAEDRQLIADMVLAEMNRSAEKGSNAPQRPTTIQPGAGQXGE,76127805***,TRUE
"gi|58575831|gb|CX878136.1| JGI_CAAL18860.fwd NIH_XGC_tropBrn4 Xenopus tropicalis cDNA clone IMAGE:7670821 5', mRNA sequence.",727,3.54E-123,157,200,1,225,QYAGIPSVNSLHSVYNFCDKPWVFAQMVRLHKKLGTEEFPLIDQTFYPNHKEMLSSTTYPVVVKMGHAHSGMGKVKVDNQHDFQDIASVVALTKTYATAEPFIDAKYDVRVQKIGQNYKAYMRTSVSGNWKTNTGSAMLEQIAMSDRYKLWVDTCSEIFGGLDICAVEALHGKDGRDHIIEVVGSSMPLIGDHQDEDKQLIVELVVNKMAQALPRQRQRDASPGR,QY  +PSVNSL+S+YNFC KPWVF+Q++++ +KLG ++FPL+DQ+F+PNHK+ML++ ++PVVVKMGHAH+GMGKVKVDNQ+DFQD+ASVVA+ KTY T EPFID+KYD+R+QKIG NYKAYMRTS+SGNWK NTGSAMLEQIAM+DRY+LWVD+CSE+FGGLDICAV+A+H KDG+D+IIEV+ SSMPLIG+H +ED+ L+ +LV+ KM Q +    Q  ASPGR,QYGNLPSVNSLYSIYNFCSKPWVFSQLIKIFQKLGADKFPLVDQSFFPNHKQMLTAASFPVVVKMGHAHAGMGKVKVDNQYDFQDMASVVAMAKTYVTTEPFIDSKYDIRIQKIGNNYKAYMRTSISGNWKANTGSAMLEQIAMTDRYRLWVDSCSEMFGGLDICAVKAVHSKDGKDYIIEVMDSSMPLIGEHVEEDRHLVADLVIAKMTQHVQLTSQA-ASPGR,58575831,FALSE
"gi|335698371|dbj|FY519446.1| FY519446 full-length enriched tammar gravid uterus cDNA library Notamacropus eugenii cDNA clone MEGC-067O13 3', mRNA sequence.",851,4.80E-122,179,205,8,248,SVYNFCDKPWVFAQMVRLHKKLGTEEFPLIDQTFYPNHKEMLSSTTYPVVVKMGHAHSGMGKVKVDNQHDFQDIASVVALTKTYATAEPFIDAKYDVRVQKIGQNYKAYMRTSVSGNWKTNTGSAMLEQIAMSDRYKLWVDTCSEIFGGLDICAVEALHGKDGRDHIIEVVGSSMPLIGDHQDEDKQLIVELVVNKMAQALPRQRQRDASPGRGSHGQTPSPGALPLGRQTSQQPAGPPAQQRPPPQG,S+YNFCDKPWVFAQ+V ++K LG E+FPLI+QTFY NHKEML+  T PVVVK+GHAHSGMGKVKV+N +DFQDIASVVALT+TYATAEPFIDAKYD+R+QKIG NYKAYMRTS+SGNWKTNTGSAMLEQIAMSDRYKLWVD+CSEIFGGLDICAV+A+HGKDG+D+I EV+  +MPLIG+HQ ED+QLI ELV+NKM Q L R      SP R S  Q P  G+L      S+ P  PP   RP PQG,SIYNFCDKPWVFAQLVAIYKNLGGEKFPLIEQTFYANHKEMLTLPTLPVVVKIGHAHSGMGKVKVENHYDFQDIASVVALTQTYATAEPFIDAKYDIRIQKIGSNYKAYMRTSISGNWKTNTGSAMLEQIAMSDRYKLWVDSCSEIFGGLDICAVKAVHGKDGKDYIFEVMDCAMPLIGEHQAEDRQLITELVINKMNQQLSRTPA--LSPQRPSTTQQPQSGSLK-DPDLSKTP--PP---RPTPQG,335698371,FALSE
"gi|58350064|gb|CX795435.1| JGI_CAAJ11600.fwd NIH_XGC_tropBrn2 Xenopus tropicalis cDNA clone IMAGE:7641837 5', mRNA sequence.",766,5.59E-120,167,211,15,256,GFFSSLSNAVKQTTAAAAATFSEQVGGG---SGGAGRGGAASRVLLVIDEPHTDWAKYFKGKKIHGEIDIKVEQAEFSDLNLVAHANGGFSVDMEVLRNGVKVVRSLKPDFVLIRQHAFSMARNGDYRSLVIGLQYAGIPSVNSLHSVYNFCDKPWVFAQMVRLHKKLGTEEFPLIDQTFYPNHKEMLSSTTYPVVVKMGHAHSGMGKVKVDNQHDFQDIASVVALTKTYATAEPFIDAKYDVRVQKIGQNYKAYM,GFFSS++ AV+Q+ A        Q G G   +G +G+     R LLVI EPHTDW+K+F+GKK+ GE DIKVEQAEFSD+NLVAH++G ++VD+   +NG K +RS +PDFVL+RQH+FSMA N D+R+L+IG+QYAGIPS+NSL S+YNFCDKPWVF+ ++  +K LG E+FPLI+QTFYPNHKEML+  T+PVVVK+GHAH+GMGKVKV+N +DFQDIASVVALT+TYAT EPFID+KYD+R+QKIG NYKAYM,GFFSSITTAVRQSAA--------QAGLGDPPTGASGK----VRNLLVIGEPHTDWSKHFRGKKVQGEYDIKVEQAEFSDINLVAHSDGSYTVDLLGSQNGAKTLRSFRPDFVLVRQHSFSMAENEDFRTLIIGMQYAGIPSINSLESIYNFCDKPWVFSLLISAYKNLGPEKFPLIEQTFYPNHKEMLAMPTFPVVVKIGHAHAGMGKVKVENHYDFQDIASVVALTQTYATTEPFIDSKYDIRIQKIGNNYKAYM,58350064,FALSE
"gi|284513320|gb|DV584055.2| 0064P0003G03_5' library 64 - subtracted (Single juvenile learning minus single male silent control) - male Taeniopygia guttata cDNA clone 0064P0003G03 5' similar to synapsin II, transcript variant 1, mRNA sequence.",783,7.92E-118,173,204,8,248,SVYNFCDKPWVFAQMVRLHKKLGTEEFPLIDQTFYPNHKEMLSSTTYPVVVKMGHAHSGMGKVKVDNQHDFQDIASVVALTKTYATAEPFIDAKYDVRVQKIGQNYKAYMRTSVSGNWKTNTGSAMLEQIAMSDRYKLWVDTCSEIFGGLDICAVEALHGKDGRDHIIEVVGSSMPLIGDHQDEDKQLIVELVVNKMAQALPRQRQRDASPGRGSHGQTPSPGALPLGRQTSQQPAGPPAQQRPPPQG,S+YNFCDKP VFAQ+V ++K LG E+FPLI+QTFYPNHKEML+  T+PVVVK+GHAHSGMGK+KVDN +DFQDIASVVALT+TYAT EPFID+KYD+R+QKIG NYKAYMRTS+SGNWKTNTGSAMLEQIAMSD+YKLWVDTCSEIFGGLDICAV+A+HGKDG+D+I EV+  +MPLIG+HQ ED+Q I ELVV+KM Q L   +    SP R +  Q P  G+L    +  +    PP  QRPPP G,SIYNFCDKPCVFAQLVSVYKTLGPEKFPLIEQTFYPNHKEMLTMPTFPVVVKIGHAHSGMGKIKVDNHYDFQDIASVVALTQTYATTEPFIDSKYDIRIQKIGSNYKAYMRTSISGNWKTNTGSAMLEQIAMSDKYKLWVDTCSEIFGGLDICAVKAVHGKDGKDYIFEVMDCAMPLIGEHQAEDRQHITELVVSKMNQML--SKTPIPSPQRPTATQQPQSGSL----KEPEPNKIPP--QRPPPSG,284513320,FALSE
"gi|213069010|gb|GE777189.1| EST_ssal_rgf_851045 ssalrgf mixed_tissue full-length Salmo salar cDNA Salmo salar cDNA clone ssal_rgf_513_197 5', mRNA sequence.",882,7.11E-117,153,187,0,211,IPSVNSLHSVYNFCDKPWVFAQMVRLHKKLGTEEFPLIDQTFYPNHKEMLSSTTYPVVVKMGHAHSGMGKVKVDNQHDFQDIASVVALTKTYATAEPFIDAKYDVRVQKIGQNYKAYMRTSVSGNWKTNTGSAMLEQIAMSDRYKLWVDTCSEIFGGLDICAVEALHGKDGRDHIIEVVGSSMPLIGDHQDEDKQLIVELVVNKMAQALPR,IPS+NSL S+YN CDKPW FAQ++  +++LG E+FPLI+QTFYPN+KEM++  T+PVVVK+GHAHSG+GKVKVDN   FQDI SVVALT+TY T EP ID+KYD+R+QKIG +YKAYMRTS+SGNWK+NTGSAMLEQ+AM+DRYKLWVDTCSEIFGGLDICAV+A+HGKD +D+I EVVGSSM L+G+HQ ED+QLI ++VV KM QA+ R,IPSINSLESIYNLCDKPWAFAQLISTYRRLGAEKFPLIEQTFYPNYKEMVTMPTFPVVVKIGHAHSGVGKVKVDNHSKFQDIVSVVALTQTYTTTEPLIDSKYDIRIQKIGNDYKAYMRTSISGNWKSNTGSAMLEQVAMTDRYKLWVDTCSEIFGGLDICAVKAIHGKDAKDYITEVVGSSMSLVGEHQAEDRQLITDMVVAKMNQAVGR,213069010,FALSE
"gi|335714452|dbj|FY536987.1| FY536987 full-length enriched tammar gravid uterus cDNA library Notamacropus eugenii cDNA clone MEGC-091K24 3', mRNA sequence.",832,9.74E-117,174,200,8,242,DKPWVFAQMVRLHKKLGTEEFPLIDQTFYPNHKEMLSSTTYPVVVKMGHAHSGMGKVKVDNQHDFQDIASVVALTKTYATAEPFIDAKYDVRVQKIGQNYKAYMRTSVSGNWKTNTGSAMLEQIAMSDRYKLWVDTCSEIFGGLDICAVEALHGKDGRDHIIEVVGSSMPLIGDHQDEDKQLIVELVVNKMAQALPRQRQRDASPGRGSHGQTPSPGALPLGRQTSQQPAGPPAQQRPPPQG,DKPWVFAQ+V ++K LG E+FPLI+QTFY NHKEML+  T+PVVVK+GHAHSGMGKVKV+N +DFQDIASVVALT+TYATAEPFIDAKYD+R+QKIG NYKAYMRTS+SGNWKTNTGSAMLEQIAMSDRYKLWVD+CSEIFGGLDICAV+A+HGKDG+D+I EV+  +MPLIG+HQ ED+QLI ELV+NKM Q L R      SP R S  Q P  G+L      S+ P  PP   RP PQG,DKPWVFAQLVAIYKNLGGEKFPLIEQTFYANHKEMLTLPTFPVVVKIGHAHSGMGKVKVENHYDFQDIASVVALTQTYATAEPFIDAKYDIRIQKIGSNYKAYMRTSISGNWKTNTGSAMLEQIAMSDRYKLWVDSCSEIFGGLDICAVKAVHGKDGKDYIFEVMDCAMPLIGEHQAEDRQLITELVINKMNQQLSRTPA--LSPQRPSTTQQPQSGSLK-DPDLSKTP--PP---RPTPQG,335714452,FALSE
"gi|335498045|dbj|FY492818.1| FY492818 full-length enriched tammar gravid uterus cDNA library Notamacropus eugenii cDNA clone MEGC-031P06 3', mRNA sequence.",820,6.02E-116,173,199,8,242,DKPWVFAQMVRLHKKLGTEEFPLIDQTFYPNHKEMLSSTTYPVVVKMGHAHSGMGKVKVDNQHDFQDIASVVALTKTYATAEPFIDAKYDVRVQKIGQNYKAYMRTSVSGNWKTNTGSAMLEQIAMSDRYKLWVDTCSEIFGGLDICAVEALHGKDGRDHIIEVVGSSMPLIGDHQDEDKQLIVELVVNKMAQALPRQRQRDASPGRGSHGQTPSPGALPLGRQTSQQPAGPPAQQRPPPQG,DKPWVFAQ+V ++K LG E+FPLI+QTFY NHKEML+  T+PVVVK+GHAHSGMGKVKV+N +DFQDIASVVALT+TYATAEPFIDAKYD+R+QKIG NYKAYMRTS+SGNWKTNTGSAMLEQIAMSDRYKLWVD+CSEIFGGLDICAV+A+HGKDG+D+I EV+  +MPLIG+HQ ED+QLI ELV+NKM Q L R      S  R S  Q P  G+L      S+ P  PP   RP PQG,DKPWVFAQLVAIYKNLGGEKFPLIEQTFYANHKEMLTLPTFPVVVKIGHAHSGMGKVKVENHYDFQDIASVVALTQTYATAEPFIDAKYDIRIQKIGSNYKAYMRTSISGNWKTNTGSAMLEQIAMSDRYKLWVDSCSEIFGGLDICAVKAVHGKDGKDYIFEVMDCAMPLIGEHQAEDRQLITELVINKMNQQLSRTPA--LSLQRPSTTQQPQSGSLK-DPDLSKTP--PP---RPTPQG,335498045,FALSE
"gi|39737499|emb|BX848526.1| BX848526 NICHD_XGC_Emb4 Xenopus laevis cDNA clone IMAGp998P0810922 ; IMAGE:4957303 5', mRNA sequence.",760,8.88E-116,168,191,8,222,KYFKGKKIHGEIDIKVEQAEFSDLNLVAHANGGFSVDMEVLRNGVKVVRSLKPDFVLIRQHAFSMARNGDYRSLVIGLQYAGIPSVNSLHSVYNFCDKPWVFAQMVRLHKKLGTEEFPLIDQTFYPNHKEMLSSTTYPVVVKMGHAHSGMGKVKVDNQHDFQDIASVVALTKTYATAEPFIDAK----YDVRVQK----IGQNYKAYMRTSVSGNWKTNTGS,K FKGK+I+GE DIKVEQAEF DLNLVAH+NG FSVD+EVLRNGVKVVRSLKPDFVLIRQHAFSMARNGD+RSLVIGLQYAG+PS+NSLHSVYNFCDKPWVF+Q+VRLHKKLG EEFPLI+QT+YPNHKEML+++ +PVV+KMGHAHSGMGKVKVDNQ+DFQDIASVVALTKTYAT+EPFIDA        +V K    +  N KA++       W+ N GS,KLFKGKRINGEYDIKVEQAEFCDLNLVAHSNGSFSVDLEVLRNGVKVVRSLKPDFVLIRQHAFSMARNGDFRSLVIGLQYAGVPSLNSLHSVYNFCDKPWVFSQLVRLHKKLGPEEFPLIEQTYYPNHKEMLTASKFPVVIKMGHAHSGMGKVKVDNQYDFQDIASVVALTKTYATSEPFIDASPSPLRGSQVHKAPSHLKGNSKAHLCQLAPSQWEFNLGS,39737499***,TRUE
"gi|335495963|dbj|FY549409.1| FY549409 full-length enriched tammar gravid uterus cDNA library Notamacropus eugenii cDNA clone MEGC-108I18 3', mRNA sequence.",826,4.63E-115,172,199,8,241,KPWVFAQMVRLHKKLGTEEFPLIDQTFYPNHKEMLSSTTYPVVVKMGHAHSGMGKVKVDNQHDFQDIASVVALTKTYATAEPFIDAKYDVRVQKIGQNYKAYMRTSVSGNWKTNTGSAMLEQIAMSDRYKLWVDTCSEIFGGLDICAVEALHGKDGRDHIIEVVGSSMPLIGDHQDEDKQLIVELVVNKMAQALPRQRQRDASPGRGSHGQTPSPGALPLGRQTSQQPAGPPAQQRPPPQG,KPWVFAQ+V ++K LG E+FPLI+QTFY NHKEML+  T+PVVVK+GHAHSGMGKVKV+N +DFQDIASVVALT+TYATAEPFIDAKYD+R+QKIG NYKAY+RTS+SGNWKTNTGSAMLEQIAMSDRYKLWVD+CSEIFGGLDICAV+A+HGKDG+D+I EV+  +MPLIG+HQ ED+QLI ELV+NKM Q L R      SP R S  Q P  G+L      S+ P  PP   RP PQG,KPWVFAQLVAIYKNLGGEKFPLIEQTFYANHKEMLTLPTFPVVVKIGHAHSGMGKVKVENHYDFQDIASVVALTQTYATAEPFIDAKYDIRIQKIGSNYKAYVRTSISGNWKTNTGSAMLEQIAMSDRYKLWVDSCSEIFGGLDICAVKAVHGKDGKDYIFEVMDCAMPLIGEHQAEDRQLITELVINKMNQQLSRTPA--LSPQRPSTTQQPQSGSLK-DPDLSKTP--PP---RPTPQG,335495963,FALSE
"gi|189003909|gb|FG392690.1| 09a12 goldfish brain cDNA library Carassius auratus cDNA 5', mRNA sequence.",791,1.17E-112,149,190,0,219,QYAGIPSVNSLHSVYNFCDKPWVFAQMVRLHKKLGTEEFPLIDQTFYPNHKEMLSSTTYPVVVKMGHAHSGMGKVKVDNQHDFQDIASVVALTKTYATAEPFIDAKYDVRVQKIGQNYKAYMRTSVSGNWKTNTGSAMLEQIAMSDRYKLWVDTCSEIFGGLDICAVEALHGKDGRDHIIEVVGSSMPLIGDHQDEDKQLIVELVVNKMAQALPRQRQR,+YAGIPS+NSL S+YN CDKPW FA ++   KKLG E+FPLI+QTFYPN+KEM++  T+P VVK+GHAHSG+GKVKV+N   FQDIA VVA+T+TY+T+EPFI+AKYD+R+QKIG +YKAYMRT+VSGNWK+NTG+AM+EQ+AM+DRYKLWVDTCSEIFGGL+ICAV+A+HGK+ +D+I EV+GSSMPL+G HQ ED+QLI  +V+ KM Q + +   R,RYAGIPSINSLESIYNLCDKPWAFACLISTCKKLGQEKFPLIEQTFYPNYKEMVAMPTFPAVVKIGHAHSGVGKVKVENHTKFQDIAGVVAITQTYSTSEPFIEAKYDIRIQKIGNDYKAYMRTTVSGNWKSNTGTAMVEQVAMTDRYKLWVDTCSEIFGGLEICAVKAIHGKEEKDYITEVMGSSMPLVGGHQAEDQQLIANMVIAKMNQVMEQNPNR,189003909,FALSE
"gi|472002142|gb|JZ211837.1| GRZ-C-C-9Wo84e01.SP6 Nothobranchius furzeri GRZ, 9w, whole body, mRNA Nothobranchius furzeri cDNA clone GRZ-C-C-9Wo84e01, mRNA sequence.",801,4.49E-111,149,178,0,200,FCDKPWVFAQMVRLHKKLGTEEFPLIDQTFYPNHKEMLSSTTYPVVVKMGHAHSGMGKVKVDNQHDFQDIASVVALTKTYATAEPFIDAKYDVRVQKIGQNYKAYMRTSVSGNWKTNTGSAMLEQIAMSDRYKLWVDTCSEIFGGLDICAVEALHGKDGRDHIIEVVGSSMPLIGDHQDEDKQLIVELVVNKMAQALPRQ,FC KPW FAQ++  H+KLG E+FPLI+QTFYPN+KEM+S  ++PVVVK+GHAHSGMGKVKVDN + FQDIASVVALT+TY T EP IDAKYD+R+QKI  +YKAYMRTS+SGNWK+NTGSAMLEQ+AM+DRYKLWVDTCSEIFGGLDICAV+A+HGKDGRD+I EVVGSSMPL+G+HQ ED+QLI E+V+ KM Q   ++,FCYKPWAFAQLINTHRKLGAEKFPLIEQTFYPNYKEMVSMPSFPVVVKIGHAHSGMGKVKVDNHNKFQDIASVVALTQTYTTTEPLIDAKYDIRIQKIDADYKAYMRTSISGNWKSNTGSAMLEQVAMTDRYKLWVDTCSEIFGGLDICAVKAIHGKDGRDNITEVVGSSMPLVGEHQAEDRQLIAEMVLAKMNQIAEKE,472002142,FALSE
"gi|335682817|dbj|FY554137.1| FY554137 full-length enriched tammar gravid uterus cDNA library Notamacropus eugenii cDNA clone MEGC-114O22 3', mRNA sequence.",760,7.19E-110,166,192,8,234,MVRLHKKLGTEEFPLIDQTFYPNHKEMLSSTTYPVVVKMGHAHSGMGKVKVDNQHDFQDIASVVALTKTYATAEPFIDAKYDVRVQKIGQNYKAYMRTSVSGNWKTNTGSAMLEQIAMSDRYKLWVDTCSEIFGGLDICAVEALHGKDGRDHIIEVVGSSMPLIGDHQDEDKQLIVELVVNKMAQALPRQRQRDASPGRGSHGQTPSPGALPLGRQTSQQPAGPPAQQRPPPQG,+V ++K LG E+FPLI+QTFY NHKEML+  T+PVVVK+GHAHSGMGKVKV+N +DFQDIASVVALT+TYATAEPFIDAKYD+R+QKIG NYKAYMRTS+SGNWKTNTGSAMLEQIAMSDRYKLWVD+CSEIFGGLDICAV+A+HGKDG+D+I EV+  +MPLIG+HQ ED+QLI ELV+NKM Q L R      SP R S  Q P  G+L      S+ P  PP   RP PQG,LVAIYKNLGGEKFPLIEQTFYANHKEMLTLPTFPVVVKIGHAHSGMGKVKVENHYDFQDIASVVALTQTYATAEPFIDAKYDIRIQKIGSNYKAYMRTSISGNWKTNTGSAMLEQIAMSDRYKLWVDSCSEIFGGLDICAVKAVHGKDGKDYIFEVMDCAMPLIGEHQAEDRQLITELVINKMNQQLSRTPA--LSPQRPSTTQQPQSGSLK-DPDLSKTP--PP---RPTPQG,335682817,FALSE
"gi|335387921|dbj|FY502535.1| FY502535 full-length enriched tammar gravid uterus cDNA library Notamacropus eugenii cDNA clone MEGC-045A02 3', mRNA sequence.",787,6.31E-109,165,188,8,229,KKLGTEEFPLIDQTFYPNHKEMLSSTTYPVVVKMGHAHSGMGKVKVDNQHDFQDIASVVALTKTYATAEPFIDAKYDVRVQKIGQNYKAYMRTSVSGNWKTNTGSAMLEQIAMSDRYKLWVDTCSEIFGGLDICAVEALHGKDGRDHIIEVVGSSMPLIGDHQDEDKQLIVELVVNKMAQALPRQRQRDASPGRGSHGQTPSPGALPLGRQTSQQPAGPPAQQRPPPQG,K LG E+FPLI+QTFY NHKEML+  T+PVVVK+GHAHSGMGKVKV+N +DFQDIASVVALT+TYAT EPFIDAKYD+R+QKIG NYKAYMRTS+SGNWKTNTGSAMLEQIAMSDRYKLWVD+CSEIFGGLDICAV+A+HGKDG+D+I EV+  +MPLIG+HQ ED+QLI ELV+NKM Q L R R    SP R S  Q P  G+L      S+ P  PP   RP PQG,KNLGGEKFPLIEQTFYANHKEMLTLPTFPVVVKIGHAHSGMGKVKVENHYDFQDIASVVALTQTYATVEPFIDAKYDIRIQKIGSNYKAYMRTSISGNWKTNTGSAMLEQIAMSDRYKLWVDSCSEIFGGLDICAVKAVHGKDGKDYIFEVMDCAMPLIGEHQAEDRQLITELVINKMNQQLFRTRA--LSPQRPSTTQQPQSGSLK-DPDLSKTP--PP---RPTPQG,335387921,FALSE
"gi|335497680|dbj|FY488089.1| FY488089 full-length enriched tammar gravid uterus cDNA library Notamacropus eugenii cDNA clone MEGC-025J01 3', mRNA sequence.",831,7.67E-109,168,193,9,237,FAQMVRLHKKLGTEEFPLIDQTFYPNHKEMLSSTTYPVVVKMGHAHSGMGKVKVDNQHDFQDIASVVALTKTYATAEPFIDAKYDVRVQKIGQNYKAYMRTSVSGNWKTNTGSAMLEQIAMSDRYKLWVDTCSEIFGGLDICAVEALHGKDGRDHIIEVVGSSMPLIGDHQDEDKQLIVELVVNKMAQALPRQRQRDASPGRGSHGQTPSPGALPLGRQTSQQPAGPPAQQRPPPQG,FAQ+V ++K LG E+FPLI+QTFY NHKEML+  T+PVVVK+GHAHSGMGKVKV+N +DFQDIASVVALT+TYATAEPFIDAKYD+R+QKIG NYKAYM TS+SGNWKTNTGSAMLEQIAMSDRYKLWVD+CSEIFGGLDICAV+A+HGKDG+D+I EV+  +MPLIG+HQ ED+QLI ELV+NKM Q L R      SP R S  Q P  G L      S+ P  PP   RP PQG,FAQLVAIYKNLGGEKFPLIEQTFYANHKEMLTLPTFPVVVKIGHAHSGMGKVKVENHYDFQDIASVVALTQTYATAEPFIDAKYDIRIQKIGSNYKAYM-TSISGNWKTNTGSAMLEQIAMSDRYKLWVDSCSEIFGGLDICAVKAVHGKDGKDYIFEVMDCAMPLIGEHQAEDRQLITELVINKMNQQLSRTPA--LSPQRPSTTQQPQSGGLK-DPDLSKTP--PP---RPTPQG,335497680,FALSE
"gi|169536607|gb|FE550464.1| CAXC1837.fwd Amphioxus Branchiostoma floridae unpublished cDNA library CAXC, neurula whole animal Branchiostoma floridae cDNA clone CAXC1837 5', mRNA sequence.",735,1.14E-108,143,186,0,212,QYAGIPSVNSLHSVYNFCDKPWVFAQMVRLHKKLGTEEFPLIDQTFYPNHKEMLSSTTYPVVVKMGHAHSGMGKVKVDNQHDFQDIASVVALTKTYATAEPFIDAKYDVRVQKIGQNYKAYMRTSVSGNWKTNTGSAMLEQIAMSDRYKLWVDTCSEIFGGLDICAVEALHGKDGRDHIIEVVGSSMPLIGDHQDEDKQLIVELVVNKMAQA,#NAME?,RWGAIPSVNTLLSIYNFMEKPWVYAHLLQIRKRIGKEKFPLIDRAYYPNHKEMLITPKFPVVVKIGHAHAGLGKVKVENHHDFQDIASVVAVANTYATTEPFIDAKHDIRVQKIGNNYKAYMRTSISGNWKANTGSAMLEQIPMTEKYRVWVDAVSEIFGGLDICAVEAIHGKDGKDYIIEVNDSTMPLLGENQEEDRQLISDVVLQRMTQV,169536607,FALSE
"gi|76126053|gb|DV002240.1| CNB217-E03.y1d-s SHGC-CNB Gasterosteus aculeatus cDNA clone CNB217-E03 5', mRNA sequence.",930,1.30E-108,164,205,12,285,MNYLRRRLSDSNFMANLPNGYMTDLQRPQPPPPPPGAHSPGATPGPGTATAERSSGVAPAASPAAPSPGSSGGGGFFSSLSNAVKQTTAAAAATFSEQVGGGSGGAGRGGAASRVLLVIDEPHTDWAKYFKGKKIHGEIDIKVEQAEFSDLNLVAHANGGFSVDMEVLRNGVKVVRSLKPDFVLIRQHAFSMARNGDYRSLVIGLQYAGIPSVNSLHSVYNFCDKPWVFAQMVRLHKKLGTEEFPLIDQTFYPNHKEMLSSTTYPVVVKMGHAHSGMGKVKVDNQ,MNYLRRRLSDS F++NLPNGYMTDLQRP    PP  A    A       T   +S       P + S G+    GFFSS++N VKQT A+A      QV              ++LLVIDEP  +W K F+GKKIHG+ DIKVEQAEF+++N+VAHANG  +V+M+VLRNG KV+RS KPDFVLIRQHAFSM +N D+R+L+IGLQY  +P +NSL S+YN CDKPW FAQ++  H+KLG E+FPLI+QTFYPN+KEM++  ++PVVVK+GHAHSG+GKVKV+N ,MNYLRRRLSDSTFISNLPNGYMTDLQRPDGAQPPAPASPTAARSPTTGPTPPATSPAPDRKPPQSQSTGA----GFFSSITNVVKQTAASAGLVEQTQVTTAK--------RFKILLVIDEPQQEWVKLFRGKKIHGDHDIKVEQAEFNEINVVAHANGTCNVNMQVLRNGTKVIRSFKPDFVLIRQHAFSMTQNEDFRNLIIGLQYGAVPCINSLESIYNLCDKPWAFAQLINTHRKLGAEKFPLIEQTFYPNYKEMVTMPSFPVVVKIGHAHSGIGKVKVENH,76126053,FALSE
"gi|76116237|gb|DT992427.1| CNB161-B11.y1d-s SHGC-CNB Gasterosteus aculeatus cDNA clone CNB161-B11 5', mRNA sequence.",1331,1.14E-106,169,209,12,301,MNYLRRRLSDSNFMANLPNGYMTDLQRPQPPPPPPGAHSPGATPGPGTATAERSSGVAPAASPAAPSPGSSGGGGFFSSLSNAVKQTTAAAAATFSEQVGGGSGGAGRGGAASRVLLVIDEPHTDWAKYFKGKKIHGEIDIKVEQAEFSDLNLVAHANGGFSVDMEVLRNGVKVVRSLKPDFVLIRQHAFSMARNGDYRSLVIGLQYAGIPSVNSLHSVYNFCDKPWVFAQMVRLHKKLGTEEFPLIDQTFYPNHKEMLSSTTYPVVVKMGHAHSGMGKVKVDNQHDFQDIASVVALTKTY,MNYLRRRLSDS F++NLPNGYMTDLQRP    PP  A    A       T   +S       P + S G+    GFFSS++N VKQT A+A      QV              ++LLVIDEP  +W K F+GKKIHG+ DIKVEQAEF+++N+VAHANG  +V+M+VLRNG KV+RS KPDFVLIRQHAFSM +N D+R+L+IGLQY  +P +NSL S+YN CDKPW FAQ++  H+KLG E+FPLI+QTFYPN +EM++  ++PV VK    HS +GKVK  N   F DIASVVALT+TY,MNYLRRRLSDSTFISNLPNGYMTDLQRPDGAQPPAPASPTAARSPTTGPTPPATSPAPDRKPPQSQSTGA----GFFSSITNVVKQTAASAGLVEQTQVTTAK--------RFKILLVIDEPQQEWVKLFRGKKIHGDHDIKVEQAEFNEINVVAHANGTCNVNMQVLRNGTKVIRSFKPDFVLIRQHAFSMTQNEDFRNLIIGLQYGAVPCINSLESIYNLCDKPWAFAQLINTHRKLGAEKFPLIEQTFYPNXQEMVTMPSFPVXVKDRTCHSXIGKVKGGNHSKFPDIASVVALTQTY,76116237***,TRUE
"gi|73455062|gb|DT195011.1| JGI_CAAS3813.fwd CAAS Pimephales promelas brain 7-8 month adults, males and females pooled (H) Pimephales promelas cDNA clone CAAS3813 5', mRNA sequence.",865,1.48E-106,168,209,17,281,MNYLRRRLSDSNFMANLPNGYMTDLQRPQPPPPPPGAHSPGATPGPGTATAERSSGVAPAAS--PAAPS-PGSSGGGGFFSSLSNAVKQTTAAAAATFSEQVGGGSGGAGRGGAASRVLLVIDEPHTDWAKYFKGKKIHGEIDIKVEQAEFSDLNLVAHANGGFSVDMEVLRNGVKVVRSLKPDFVLIRQHAFSMARNGDYRSLVIGLQYAGIPSVNSLHSVYNFCDKPWVFAQMVRLHKKLGTEEFPLIDQTFYPNHKEMLSSTTYPVVVKMGHAHSGMG,MN+LRRRLSDS+F+ANLPNGYM+DLQRP P         P  +    T +A+    + PA S  P  P+ P  S G GFFSS++NAVKQT  AA+A   EQ               R+LLVIDEP  DWAK F+GKK+ G+ D+KVEQAEFS+LNLVAHANG  SVDM+V+RNG +VVRS KPDFVL+RQHA+SMA+N D+R+++IGLQYAGIPSVNSL S+YN CDKPW FAQ++  + KLG ++FPL+DQTFY N+++M+S  T+PVVVK+GHAHSGMG,MNFLRRRLSDSSFIANLPNGYMSDLQRPDP------PPPPPPSGPTPTPSAQSPPALQPAQSSGPTGPTGPTMSTGSGFFSSITNAVKQT--AASAGLVEQ------SPSVASRRFRILLVIDEPQHDWAKIFRGKKVQGDYDVKVEQAEFSELNLVAHANGTCSVDMQVIRNGTRVVRSFKPDFVLVRQHAYSMAQNEDFRNIIIGLQYAGIPSVNSLESIYNLCDKPWAFAQLISTYNKLGADKFPLVDQTFYSNYRDMISMPTFPVVVKIGHAHSGMG,73455062,FALSE
"gi|335498044|dbj|FY492817.1| FY492817 full-length enriched tammar gravid uterus cDNA library Notamacropus eugenii cDNA clone MEGC-031P06 5', mRNA sequence.",891,1.91E-106,178,213,18,299,NYLRRRLSDSNFMANLPNGYMTDLQRPQPPPPPPGAHSPGATPGPGTATA----ERSSGVAPAASPAAPSPGSSGGGGFF--------SSLSNAVKQTTAAAAATFSEQVGGGSGGAGRGGAASRVLLVIDEPHTDWAKYFKGKKIHGEIDIKVEQAEFSDLNLVAHANGGFSVDMEVLRNGVKVVRSLKPDFVLIRQHAFSMARNGDYRSLVIGLQYAGIPSVNSLHSVYNFCDKPWVFAQMVRLHKKLGTEEFPLIDQTFYPNHKEMLSSTTYPVVVKMGHAHSGMGKVKVDNQHDF,N+L+RRLSDS+F+ANLPNGYMTDLQRP+P  PPP      + P    A      ER            P+P  +              SSLSNAVKQT A+A           +  A R    S++LLVIDEPHTDWAK F+GKK+ G+ DIKVEQAEFS+LNLVAHA+G ++VDM+V RNG KVVRS +PDFVLIRQHAF MA N DYR+L+IG+ YA IPSVNSL S+YNFCDKPWVFAQ+V ++K LG E+FPLI+QTFY NHKEML+  T+PVVVK+GHAHSGMGKVKV+N +DF,NFLQRRLSDSSFIANLPNGYMTDLQRPEPQQPPPPPPGSASGPAGPLAAGSPAPERRPPQPQVQPTPQPAPPQAHPAAPVQSVSSSFFSSLSNAVKQTAASAGLV---DAPSSTPAASR---KSKLLLVIDEPHTDWAKCFRGKKVCGDYDIKVEQAEFSELNLVAHADGTYAVDMQVFRNGTKVVRSFRPDFVLIRQHAFGMAENEDYRNLIIGMHYASIPSVNSLDSIYNFCDKPWVFAQLVAIYKNLGGEKFPLIEQTFYANHKEMLTLPTFPVVVKIGHAHSGMGKVKVENHYDF,335498044,FALSE
"gi|75879449|gb|DT898965.1| 1463604 MARC 7BOV Bos taurus cDNA 3', mRNA sequence.",738,2.41E-106,162,182,8,223,EFPLIDQTFYPNHKEMLSSTTYPVVVKMGHAHSGMGKVKVDNQHDFQDIASVVALTKTYATAEPFIDAKYDVRVQKIGQNYKAYMRTSVSGNWKTNTGSAMLEQIAMSDRYKLWVDTCSEIFGGLDICAVEALHGKDGRDHIIEVVGSSMPLIGDHQDEDKQLIVELVVNKMAQALPRQRQRDASPGRGSHGQTPSPGALPLGRQTSQQPAGPPAQQRPPPQG,+FPLI+QT+YPNHKEML+  T+PVVVK+GHAHSGMGKVKV+N +DFQDIASVVALT+TYATAEPFIDAKYD+RVQKIG NYKAYMRTS+SGNWKTNTGSAMLEQIAMSDRYKLWVDTCSEIFGGLDICAV+A+HGKDG+D+I EV+  SMPLIG+HQ ED+QLI ELVV+KM Q L R      SP R    Q P  G L    +       PP  QRP PQG,KFPLIEQTYYPNHKEMLTLPTFPVVVKIGHAHSGMGKVKVENHYDFQDIASVVALTQTYATAEPFIDAKYDIRVQKIGTNYKAYMRTSISGNWKTNTGSAMLEQIAMSDRYKLWVDTCSEIFGGLDICAVKAVHGKDGKDYIFEVMDCSMPLIGEHQVEDRQLITELVVSKMNQLLSRTPI--LSPQRPLTTQQPQSGTL----KDPDSSKTPP--QRPAPQG,75879449,FALSE
"gi|25546368|gb|BU275418.1| 603533306F1 CSEQCHN53 Gallus gallus cDNA clone ChEST491k1 5', mRNA sequence.",790,2.55E-105,159,186,18,239,KKLGTEEFPLIDQTFYPNHKEMLSSTTYPVVVKMGHAHSGMGKVKVDNQHDFQDIASVVALTKTYATAEPFIDAKYDVRVQKIGQNYKAYMRTSVSGNWKTNTGSAMLEQIAMSDRYKLWVDTCSEIFGGLDICAVEALHGKDGRDHIIEVVGSSMPLIGDHQDEDKQLIVELVVNKMAQALPRQRQRDASPGRGSHGQTPSPGALPLGRQTSQQPAGPPAQQRPPPQGGPPQPGPGPQ,K LG E+FPLI+QTFYPNHKEML+  T+PVVVK+GHAHSGMGK+KVDN +DFQDIASVVALT+TYAT EPFID+KYD+R+QKIG NYKAYMRTS+SGNWKTNTGSAMLEQIAMSD+YKLWVDTCSEIFGGLDICAV+A+HGKDG+D+I EV+  +MPLIG+HQ ED+Q I ELVV+KM Q L   +    SP R +  Q P  G+L                + P P   PPQ  P P+,KTLGPEKFPLIEQTFYPNHKEMLTMPTFPVVVKIGHAHSGMGKIKVDNHYDFQDIASVVALTQTYATTEPFIDSKYDIRIQKIGSNYKAYMRTSISGNWKTNTGSAMLEQIAMSDKYKLWVDTCSEIFGGLDICAVKAVHGKDGKDYIFEVMDCAMPLIGEHQIEDRQHITELVVSKMNQML--SKTPIPSPQRPTATQQPQSGSL----------------KEPEPNKIPPQRPPSPR,25546368,FALSE
"gi|284513316|gb|DV582237.2| 0063P0025E03_5' library 63 - subtracted (Single juvenile learning minus single juvenile untutored) - male Taeniopygia guttata cDNA clone 0063P0025E03 5' similar to synapsin II, transcript variant 1, mRNA sequence.",699,3.84E-103,149,184,5,220,SGGGGFFSSLSNAVKQTTAAAAATFSEQVGGGSGGAGRGGAASRVLLVIDEPHTDWAKYFKGKKIHGEIDIKVEQAEFSDLNLVAHANGGFSVDMEVLRNGVKVVRSLKPDFVLIRQHAFSMARNGDYRSLVIGLQYAGIPSVNSLHSVYNFCDKPWVFAQMVRLHKKLGTEEFPLIDQTFYPNHKEMLSSTTYPVVVKMGHAHSGMGKVKVDNQHDFQD,S G  FFSSLSNAVKQT A+A       V   +  +   G   ++LLVIDEPHTDWAK F+GKK+HGE DIKVEQAEFS++NL+AHA+G ++VD++V+RNG KVVRS +PDFVL+RQH++SMA N D+R+L+IG+QYAGIPSVNSL S+YNFCDKPWVFAQ+V ++K LG E+FPLI+QTFYPNHKEML+  T+PVVVK+GHAHSGMGK+KVDN +DFQD,SAGSSFFSSLSNAVKQTAASAGL-----VDASAAVSAAVGRKFKLLLVIDEPHTDWAKAFRGKKVHGEYDIKVEQAEFSEINLIAHADGNYAVDIQVIRNGTKVVRSFRPDFVLVRQHSYSMAENEDFRNLIIGMQYAGIPSVNSLESIYNFCDKPWVFAQLVSVYKTLGPEKFPLIEQTFYPNHKEMLTMPTFPVVVKIGHAHSGMGKIKVDNHYDFQD,284513316,FALSE
"gi|25322432|gb|BU115936.1| 603140475F1 CSEQCHL15 Gallus gallus cDNA clone ChEST131e20 5', mRNA sequence.",714,6.57E-102,49,60,0,67,GLQYAGIPSVNSLHSVYNFCDKPWVFAQMVRLHKKLGTEEFPLIDQTFYPNHKEMLSSTTYPVVVKM,GLQYAGIPSVNSL S+YNFCDKPWVFAQ+V ++K LG E+FPLI+QTFYPNHKEML+  T+PV+ ++,GLQYAGIPSVNSLESIYNFCDKPWVFAQLVSVYKTLGPEKFPLIEQTFYPNHKEMLTMPTFPVL*RL,25322432,FALSE
"gi|213081438|gb|GE788118.1| EST_ssal_rgf_867401 ssalrgf mixed_tissue full-length Salmo salar cDNA Salmo salar cDNA clone ssal_rgf_528_233 5', mRNA sequence.",813,1.39E-101,147,190,4,235,NAVKQTTAAAAATFSEQVGGGSGGAGRGGAASRVLLVIDEPHTDWAKYFKGKKIHGEIDIKVEQAEFSDLNLVAHANGGFSVDMEVLRNGVKVVRSLKPDFVLIRQHAFSMARNGDYRSLVIGLQYAGIPSVNSLHSVYNFCDKPWVFAQMVRLHKKLGTEEFPLIDQTFYPNHKEMLSSTTYPVVVKMGHAHSGMGKVKVDNQHDFQDIASVVALTKTYATAEPFIDAKYDVRV,N VKQT  A +A   +Q    + G G      ++LLVIDE    W++ F+GKK+ G+ DIKVEQA FS++NLV+HANG  +VD++++RNG KVVRS+KPDFVL+RQHA+SMA N D+R+++IGLQYAG+PS+NSL S+Y+ CDKPW FAQ++   KKLG ++FPLIDQTFYPNHK+M+S  ++PVVVK+GHAHSGMGKVKVDN  DFQDIASVVA+T+TY T EPFIDAKY++R+,NVVKQT--AVSAGLVDQ--NPAPGPGPVSKRFKILLVIDEQQYVWSRLFRGKKLQGDYDIKVEQAAFSEINLVSHANGSCNVDIQLIRNGTKVVRSIKPDFVLMRQHAYSMAHNEDFRNMIIGLQYAGVPSINSLESIYSLCDKPWAFAQLIATCKKLGPDKFPLIDQTFYPNHKDMISMPSFPVVVKIGHAHSGMGKVKVDNLSDFQDIASVVAITQTYTTTEPFIDAKYNIRI,213081438,FALSE
"gi|73504749|gb|DT234614.1| JGI_CAAT8262.fwd CAAT Pimephales promelas brain 7-8 month adults, males and females pooled (M) Pimephales promelas cDNA clone CAAT8262 5', mRNA sequence.",846,1.80E-99,167,208,26,293,MNYLRRRLSDSNFMANLPNGYMTDLQRPQPPPPPPGAHSPGATPGPGTATAERSSGVAPAASPAAPSPGSSGGGGFFSSLSNAVKQTTAAAAATFSEQVGGGSGGAGRGGAASRVLLVIDEPHTDWAKYFKGKKIHGEIDIKVEQAEFSDLNLVAHANGGFSVDMEVLRNGVKVVRSLKPDFVLIRQHAFSMARNGDYRSLVIGLQYAGIPSVNSLHSVYNFCDKPWVFAQMVRLHKKLGTEEFPLIDQTFYPNHKEMLSSTTYPVVVKMGHAHSGMGKVKVDNQHDFQDIAS,MNYLRRRLSDS F++NLPNGYM+DLQ+P PP PPP   +  A          R           AP P      GFFSS+S+AVKQT  AA+A   EQ         R   + + LLVID    DWAK F+GKK++G+ DIKVEQAEF D+++VAHANG  +V ++V ++G K +RS KPDFVL+RQHAFSM  N D+R+L+IGLQYAGIPS+NSL S+YN CDKPW FA ++  HK+LG E+FPLI+QTFYPN+KEM++   +PVVVK+GHAHSG+GKVKV+N   FQDIAS,MNYLRRRLSDSTFISNLPNGYMSDLQKPDPPQPPPPGPAAAAAAPGSPGPDRR-----------APPPQ-----GFFSSISSAVKQT--AASAGLVEQ-----APVSR---SLKTLLVIDGAQHDWAKLFRGKKMNGDYDIKVEQAEFRDISVVAHANGSCNVAVQVWQSGHKTIRSFKPDFVLVRQHAFSMTENEDFRNLIIGLQYAGIPSINSLESIYNLCDKPWAFACLISTHKRLGPEKFPLIEQTFYPNYKEMVTMPAFPVVVKIGHAHSGVGKVKVENHTKFQDIAS,73504749,FALSE
"gi|19458613|dbj|AV968849.1| AV968849 Nori Satoh unpublished cDNA library, larva Ciona intestinalis cDNA clone cilv17b18 5', mRNA sequence.",645,1.07E-98,132,174,0,206,LKPDFVLIRQHAFSMARNGDYRSLVIGLQYAGIPSVNSLHSVYNFCDKPWVFAQMVRLHKKLGTEEFPLIDQTFYPNHKEMLSSTTYPVVVKMGHAHSGMGKVKVDNQHDFQDIASVVALTKTYATAEPFIDAKYDVRVQKIGQNYKAYMRTSVSGNWKTNTGSAMLEQIAMSDRYKLWVDTCSEIFGGLDICAVEALHGKDGRDH, KPDF+L+RQ   SMA+  D+R+LVIGL+Y GIPSVNSLHS +NF DKPW F+Q++R+ K+LG E+FPL++QT+YP+HK+ML+S+ +PVV+K+GHAH GM K KV+N ++FQD+ SV ALT  Y  +E FID+ YD+RVQKIG NYK+Y+RTS+S NWK NTGSAMLE+  +++R+KLWVD CSE+FGGLDI AV+A+HGKDGRD+,FKPDFLLVRQTPRSMAQGEDFRNLVIGLKYGGIPSVNSLHSQFNFMDKPWTFSQLIRIQKRLGPEKFPLVEQTYYPSHKQMLTSSHFPVVLKIGHAHRGMAKFKVENHYEFQDVVSVAALTNAYVVSETFIDSAYDIRVQKIGGNYKSYIRTSISKNWKANTGSAMLEETPVTERHKLWVDACSEMFGGLDIVAVKAVHGKDGRDY,19458613,FALSE
"gi|218526047|gb|GH291240.1| DMG5A.1_1.A19.C1 MODENCODE_DM_A Drosophila melanogaster cDNA clone DMG5-chr3R.11.007.pred.a, mRNA sequence.",891,3.73E-98,137,198,10,270,LLVIDEPHTDWAKYFKGKKIHGEIDIKVEQAEFSDLNLVAHANGGFSVDMEVLRNGVKVVRSLKPDFVLIRQHAFSMARNG--DYRSLVIGLQYAGIPSVNSLHSVYNFCDKPWVFAQMVRLHKKLGTEEFPLIDQTFYPNHKEMLSSTTYPVVVKMGHAHSGMGKVKVDNQHDFQDIASVVA----LTKTYATAEPFIDAKYDVRVQKIGQNYKAYMRTSVSGNWKTNTGSAMLEQIAMSDRYKLWVDTCSEIFGGLDICAVEALHGKD,LLV+D+ +TDW+KYF+G+++HG+ DI+VEQAEF D+ +V+ A+ G  V M   R+G +V RS +PDFVLIRQ      R+G  DYRS ++GL+Y G+PS+NSLHS+Y F DKPWVF+ +++L ++LG + FPLI+QTF+PN +++   T +P V+K GH H G+   +++NQ   QD A +V+     +  Y T EP+IDAK+ V +QKIG NYKA+MR S++GNWKTN GSAMLEQI ++++YK WVD  SE+FGG+++C +     K+,LLVLDDQNTDWSKYFRGRRLHGDFDIRVEQAEFRDITVVSSADTGPVVTMAAYRSGTRVARSFRPDFVLIRQPP----RDGSSDYRSTILGLKYGGVPSINSLHSIYQFQDKPWVFSHLLQLQRRLGRDGFPLIEQTFFPNPRDLFQFTKFPSVLKAGHCHGGVATARLENQSALQDAAGLVSGAGNDSHCYCTIEPYIDAKFSVHIQKIGNNYKAFMRKSITGNWKTNQGSAMLEQITLTEKYKSWVDEISELFGGMEVCGLSVCAQKE,218526047,FALSE
"gi|73469852|gb|DT209798.1| JGI_CAAS16157.fwd CAAS Pimephales promelas brain 7-8 month adults, males and females pooled (H) Pimephales promelas cDNA clone CAAS16157 5', mRNA sequence.",823,4.74E-98,156,196,14,265,MNYLRRRLSDSNFMANLPNGYMTDLQRPQPPPPPPGAHSPGATPGPGTATAERSSGVAPAASPAAPSPGSSGGGGFFSSLSNAVKQTTAAAAATFSEQVGGGSGGAGRGGAASRVLLVIDEPHTDWAKYFKGKKIHGEIDIKVEQAEFSDLNLVAHANGGFSVDMEVLRNGVKVVRSLKPDFVLIRQHAFSMARNGDYRSLVIGLQYAGIPSVNSLHSVYNFCDKPWVFAQMVRLHKKLGTEEFPLIDQTFYPNHKEMLSSTTYP,MN+LRRRLSDS+F+ANLPNGYM+DLQRP P         P  +    T +A+    + PA S     P  S G GFFSS++NAVKQT  AA+A   EQ    S  + R     R+LLVIDEP  DWAK F+GKK+ G+ D+KVEQAEFS+LNLVAHANG  SVDM+V+RNG +VVRS KPDFVL+RQHA+SMA+N D+R+++IGLQYAGIPSVNSL S+YN CDKPW FAQ++  + KLG ++FPL+DQTFY N+++M+S  T+P,MNFLRRRLSDSSFIANLPNGYMSDLQRPDP------PPPPPPSGPTPTPSAQSPPALQPAQSSGPTGPTVSTGSGFFSSITNAVKQT--AASAGLVEQ--SPSVASRRF----RILLVIDEPQHDWAKIFRGKKVQGDYDVKVEQAEFSELNLVAHANGTCSVDMQVIRNGTRVVRSFKPDFVLVRQHAYSMAQNEDFRNIIIGLQYAGIPSVNSLESIYNLCDKPWAFAQLISTYNKLGADKFPLVDQTFYSNYRDMISMPTFP,73469852,FALSE
"gi|73560544|gb|DT258595.1| JGI_CAAU8759.fwd CAAU Pimephales promelas brain 7-8 month adults, males and females pooled (L) Pimephales promelas cDNA clone CAAU8759 5', mRNA sequence.",860,6.12E-98,167,209,27,292,MNYLRRRLSDSNFMANLPNGYMTDLQRPQPPPPPPGAHSPGATPGPGTATAERSSGVAPAASPAAPSPGSSGGGGFFSSLSNAVKQTTAAAAATFSEQVGGGSGGAGRGGAASRVLLVIDEPHTDWAKYFKGKKIHGEIDIKVEQAEFSDLNLVAHANGGFSVDMEVLRNGVKVVRSLKPDFVLIRQHAFSMARNGDYRSLVIGLQYAGIPSVNSLHSVYNFCDKPWVFAQMVRLHKKLGTEEFPLIDQTFYPNHKEMLSSTTYPVVVKMGHAHSGMGKVKVDNQHDFQDIA,MNYLRRRLSDS F++NLPNGYM+DLQ+P PP PPP               A  ++  +P     AP P      GFFSS+S+AVKQT  AA+A   EQ         R   + + LLVID    DWAK F+GKK++G+ DIKVEQAEF D+++VAHANG  +V ++V ++G K VRS KPDFVL+RQHAFSM  N D+R+L+IGLQYAGIPS+NSL S+YN CDKPW FA ++  HK+LG E+FPLI+QTFYPN+KEM++   +PVVVK+GHAHSG+GKVKV+N   FQDIA,MNYLRRRLSDSTFISNLPNGYMSDLQKPDPPQPPP------------PGPAAAAAPGSPGPDRRAPPPQ-----GFFSSISSAVKQT--AASAGLVEQ-----APVSR---SLKTLLVIDGAQHDWAKLFRGKKLNGDYDIKVEQAEFRDISVVAHANGSCNVAVQVWQSGHKTVRSFKPDFVLVRQHAFSMTENEDFRNLIIGLQYAGIPSINSLESIYNLCDKPWAFACLISTHKRLGPEKFPLIEQTFYPNYKEMVTMPAFPVVVKIGHAHSGVGKVKVENHTKFQDIA,73560544,FALSE
"gi|73500724|gb|DT230589.1| JGI_CAAT4925.fwd CAAT Pimephales promelas brain 7-8 month adults, males and females pooled (M) Pimephales promelas cDNA clone CAAT4925 5', mRNA sequence.",841,2.12E-97,165,208,27,292,MNYLRRRLSDSNFMANLPNGYMTDLQRPQPPPPPPGAHSPGATPGPGTATAERSSGVAPAASPAAPSPGSSGGGGFFSSLSNAVKQTTAAAAATFSEQVGGGSGGAGRGGAASRVLLVIDEPHTDWAKYFKGKKIHGEIDIKVEQAEFSDLNLVAHANGGFSVDMEVLRNGVKVVRSLKPDFVLIRQHAFSMARNGDYRSLVIGLQYAGIPSVNSLHSVYNFCDKPWVFAQMVRLHKKLGTEEFPLIDQTFYPNHKEMLSSTTYPVVVKMGHAHSGMGKVKVDNQHDFQDIA,MNYLRRRLSDS F++NLPNGYM+DLQ+P PP PPP               A  ++  +P     AP P      GFFSS+S+AVKQT  AA+A   EQ             + + LLVID    DWAK F+GKK++G+ DIKVEQAEF D+++VAHANG  +V ++V ++G K VRS KPDFVL+RQHAFSM  N D+R+L+IGLQYAGIPS+NSL S+YN CDKPW FA ++  HK+LG E+FPLI+QTFYPN+KEM++   +PVVVK+GHAHSG+G+VKV+N   FQDIA,MNYLRRRLSDSTFISNLPNGYMSDLQKPDPPQPPP------------PGPAAAAAPGSPGPDRRAPPPQ-----GFFSSISSAVKQT--AASAGLVEQ--------APVSRSLKTLLVIDGAQHDWAKLFRGKKLNGDYDIKVEQAEFRDISVVAHANGSCNVAVQVWQSGHKTVRSFKPDFVLVRQHAFSMTENEDFRNLIIGLQYAGIPSINSLESIYNLCDKPWAFACLISTHKRLGPEKFPLIEQTFYPNYKEMVTMPAFPVVVKIGHAHSGVGEVKVENHTQFQDIA,73500724,FALSE
"gi|73463940|gb|DT203889.1| JGI_CAAS12167.fwd CAAS Pimephales promelas brain 7-8 month adults, males and females pooled (H) Pimephales promelas cDNA clone CAAS12167 5', mRNA sequence.",832,3.52E-97,158,199,17,268,MNYLRRRLSDSNFMANLPNGYMTDLQRPQPPPPPPGAHSPGATPGPGTATAERSSGVAPAAS--PAAPS-PGSSGGGGFFSSLSNAVKQTTAAAAATFSEQVGGGSGGAGRGGAASRVLLVIDEPHTDWAKYFKGKKIHGEIDIKVEQAEFSDLNLVAHANGGFSVDMEVLRNGVKVVRSLKPDFVLIRQHAFSMARNGDYRSLVIGLQYAGIPSVNSLHSVYNFCDKPWVFAQMVRLHKKLGTEEFPLIDQTFYPNHKEMLSSTTYP,MN+LRRRLSDS+F+ANLPNGYM+DLQRP P         P  +    T +A+    + PA S  P  P+ P  S G GFFSS++NAVKQT  AA+A   EQ    S  + R     R+LLVIDEP  DWAK F+GKK+ G+ D+KVEQAEFS+LNLVAHANG  SVDM+V+RNG +VVRS KPDFVL+RQHA+SMA+N D+R+++IGLQYAGIPSVNSL S+YN CDKPW FAQ++  + KLG ++FPL+DQTFY N+++M+S  T+P,MNFLRRRLSDSSFIANLPNGYMSDLQRPDP------PPPPPPSGPTPTPSAQSPPALQPAQSSGPTGPTGPTMSTGSGFFSSITNAVKQT--AASAGLVEQ--SPSVASRRF----RILLVIDEPQHDWAKIFRGKKVQGDYDVKVEQAEFSELNLVAHANGTCSVDMQVIRNGTRVVRSFKPDFVLVRQHAYSMAQNEDFRNIIIGLQYAGIPSVNSLESIYNLCDKPWAFAQLISTYNKLGADKFPLVDQTFYSNYRDMISMPTFP,73463940,FALSE